Month,Australia,New Zealand,Melanesia nfd,New Caledonia,PNG,Solomon Islands,Vanuatu,Micronesia nfd,Guam,Kiribati,Marshall Is,"Micronesia, F S",Nauru,Palau,Polynesia nfd,Cook Islands,Fiji,French Poly,Niue,Samoa,Samoa American,Tokelau,Tonga,Tuvalu,Wallis/Futuna,Pitcairn Is,"Polynesia, nec",Antarctica nfd,Adelie Land,Argentinian A T,Australian A T,British A T,Chilean A T,Queen Maud Land,Ross Dependency,NW Europe nfd,"UK, CIs & IOM",Ireland,Western Europe nfd,Austria,Belgium,France,Germany,Liechtenstein,Luxembourg,Monaco,Netherlands,Switzerland,Northern Europe nfd,Denmark,Faroe Islands,Finland,Greenland,Iceland,Norway,Sweden,Aland Islands,Andorra,Gibraltar,Holy See,Italy,Malta,Portugal,San Marino,Spain,SE Europe nfd,Albania,Bosnia/Herzegov,Bulgaria,Croatia,Cyprus,North Macedonia,Greece,Moldova,Romania,Slovenia,Montenegro,Serbia,Kosovo,Eastern Europe nfd,Belarus,Czechia,Estonia,Hungary,Latvia,Lithuania,Poland,Russia,Slovakia,Ukraine,North Africa nfd,Algeria,Egypt,Libya,Morocco,Sudan,Tunisia,Western Sahara,Sp North Africa,South Sudan,Middle East nfd,Bahrain,Iran,Iraq,Israel,Jordan,Kuwait,Lebanon,Oman,Qatar,Saudi Arabia,Syria,Turkey,Unit Arab Emir,Yemen,Mainld SE Asia nfd,Myanmar,Cambodia,Laos,Thailand,Vietnam,Brunei,Indonesia,Malaysia,Philippines,Singapore,Timor-Leste,North-East Asia nfd,Chinese Asia nfd,China,Hong Kong,Macau,Mongolia,Taiwan,Japan & Koreas nfd,Japan,"Korea, North","Korea, South",Bangladesh,Bhutan,India,Maldives,Nepal,Pakistan,Sri Lanka,Afghanistan,Armenia,Azerbaijan,Georgia,Kazakhstan,Kyrgyzstan,Tajikistan,Turkmenistan,Uzbekistan,Americas nfd,Bermuda,Canada,USA,Argentina,Bolivia,Brazil,Chile,Colombia,Ecuador,Falkland Is,French Guiana,Guyana,Paraguay,Peru,Suriname,Uruguay,Venezuela,Belize,Costa Rica,El Salvador,Guatemala,Honduras,Mexico,Nicaragua,Panama,Anguilla,Antigua/Barbuda,Aruba,Bahamas,Barbados,Cayman Islands,Cuba,Dominica,Dominican Rep,Grenada,Guadeloupe,Haiti,Jamaica,Martinique,Montserrat,Puerto Rico,St Kitts/Nevis,St Lucia,St Vinc/Grenad,Trinidad/Tobago,Turks/Caicos Is,"Virgin Is, Brit","Virgin Is, US",St Barthelemy,St Martin (Fr),Bonaire/SE/Saba,Curacao,Sint Maarten Dp,Sub-Saha Africa nfd,Benin,Burkina Faso,Cameroon,Cabo Verde,Cent Africa Rep,Chad,"Congo, Rep","Congo, Dem Rep",Cote d'Ivoire,Equator Guinea,Gabon,Gambia,Ghana,Guinea,Guinea-Bissau,Liberia,Mali,Mauritania,Niger,Nigeria,Sao Tome/Princ,Senegal,Sierra Leone,Togo,Angola,Botswana,Burundi,Comoros,Djibouti,Eritrea,Ethiopia,Kenya,Lesotho,Madagascar,Malawi,Mauritius,Mayotte,Mozambique,Namibia,Reunion,Rwanda,St Helena,Seychelles,Somalia,South Africa,Eswatini,Tanzania,Uganda,Zambia,Zimbabwe
Jan-19,1152060,178510,0,0,3830,690,630,0,0,170,0,10,290,0,0,0,4390,0,0,450,0,0,1230,30,0,0,0,0,0,0,0,0,0,0,0,0,106700,15180,0,2480,2450,25380,24630,30,110,0,9210,5660,0,4280,0,2250,0,110,2600,5830,0,10,0,0,10990,320,1680,0,5390,0,70,190,340,460,190,300,990,30,770,360,50,500,20,0,150,1890,750,1190,230,420,3510,3010,960,720,0,50,1240,40,140,160,40,0,0,20,0,40,2400,510,1430,450,170,1140,280,40,2240,390,1170,230,60,0,1160,1920,250,7520,12830,280,18800,28300,21490,16200,310,0,0,188340,14980,430,840,16300,0,34490,0,39020,2820,590,62760,130,4940,6660,7370,960,50,50,30,250,30,0,10,90,0,0,22720,73100,2580,40,8310,2960,4270,190,0,0,10,50,600,0,220,300,0,90,60,70,20,1760,20,40,0,0,0,10,20,0,50,0,20,10,0,0,70,0,0,0,10,10,0,70,0,0,0,0,0,0,0,0,0,0,0,20,10,0,0,0,220,20,0,0,0,140,0,0,10,0,0,10,740,0,10,30,10,10,120,30,0,0,80,120,1260,10,20,50,1140,0,50,30,0,10,0,50,40,7530,0,120,120,170,930
Feb-19,627250,130700,0,0,2760,440,700,0,0,140,10,10,260,20,0,0,3920,0,0,560,0,0,1310,40,0,0,0,0,0,0,0,0,0,0,0,0,102910,8840,0,2590,2380,22430,29770,20,120,0,8510,4890,0,4210,0,2080,0,170,2920,5730,0,10,0,0,8890,200,1650,0,4350,0,60,160,390,490,210,260,960,40,700,440,30,400,20,0,90,1870,580,1150,200,450,3400,2320,730,710,0,30,870,20,140,160,30,0,0,20,0,50,2060,640,1300,340,360,1050,530,30,3890,320,980,270,50,0,1650,2130,270,7870,21640,520,22030,45480,16720,25020,280,0,0,252010,30330,870,720,23040,0,46530,0,37020,4180,850,75000,170,8380,6980,7930,1310,30,20,20,160,30,0,0,90,0,0,26440,84270,2290,50,6610,3790,2900,210,0,0,10,70,610,10,220,200,10,90,50,40,20,1340,10,60,0,10,0,10,20,0,20,10,20,10,0,0,60,0,0,0,10,20,0,60,0,0,0,0,0,0,0,0,0,0,0,20,0,0,0,0,360,10,0,0,10,180,0,0,40,0,0,0,560,0,0,30,0,0,70,40,0,0,100,260,930,10,20,30,1100,0,40,40,0,20,0,30,20,5190,0,110,90,120,540
Mar-19,652850,150250,0,0,2900,440,710,0,0,100,10,10,460,10,0,0,4060,0,0,660,0,0,1170,40,0,0,0,0,0,0,0,0,0,0,0,0,91770,9340,0,2170,2050,19680,24610,20,130,20,8340,4350,0,3140,0,1610,0,140,1960,4020,0,10,0,0,8410,180,1430,0,4070,0,70,90,260,390,120,190,750,10,610,280,30,270,10,0,100,1320,540,800,180,480,2710,2180,600,620,0,30,640,10,80,90,40,0,0,30,0,50,2600,1040,1140,290,170,740,280,50,1600,440,820,290,30,0,1280,1320,230,9070,13380,510,19530,39290,17160,27570,360,0,0,151220,17760,430,660,17040,0,54520,0,31460,3350,410,63860,90,8130,5460,6330,1070,10,30,20,180,30,20,0,50,0,0,24630,90430,2730,40,7350,3390,2420,170,0,0,10,40,540,0,570,200,10,90,60,40,20,1130,10,40,0,0,0,20,10,0,10,20,30,10,0,0,40,0,0,0,10,10,10,40,0,0,0,0,0,0,0,0,0,0,0,20,0,0,0,10,140,10,0,0,0,130,0,0,10,0,0,0,360,0,10,10,0,10,40,20,0,0,50,180,650,10,10,30,730,0,20,30,0,20,0,50,40,6670,0,80,70,90,460
Apr-19,795470,159280,0,0,3430,450,640,0,0,100,10,10,350,0,0,0,4140,0,0,570,0,0,1350,40,0,0,0,0,0,0,0,0,0,0,0,0,81970,9480,0,1420,2030,16360,16990,10,80,10,6790,3410,0,2370,0,1120,0,160,1910,2920,0,10,0,0,6660,160,1480,0,3840,0,70,60,200,310,120,150,640,20,440,160,20,210,10,0,90,980,370,570,140,270,1670,1740,450,430,0,20,670,10,80,110,30,0,0,20,0,30,2390,800,1220,270,120,780,90,20,1100,350,690,190,30,0,1460,2300,200,14390,11230,330,17430,35600,22320,21930,370,0,0,128290,22820,490,500,14360,0,35350,0,22450,2340,310,51990,80,5030,4700,7130,1040,20,30,20,100,10,10,0,60,0,0,17390,62590,1670,40,6230,2640,2360,150,0,0,10,20,470,0,220,180,0,120,50,50,40,1520,10,30,0,0,0,10,20,0,30,10,70,0,0,0,40,0,0,0,10,10,0,80,0,0,0,0,0,0,0,0,0,0,0,10,0,10,0,0,230,10,0,0,0,130,0,0,10,0,0,0,380,0,0,10,0,10,60,10,0,0,70,110,620,0,10,30,700,0,10,40,0,20,0,20,20,7060,10,70,110,90,590
May-19,749420,152700,0,0,3070,610,1060,0,0,260,10,30,330,10,0,0,3890,0,0,670,0,0,1710,30,0,0,0,0,0,0,0,0,0,0,0,0,52790,6710,0,1070,1470,14480,12370,10,40,0,5200,2070,0,1450,0,810,0,90,1010,1740,0,0,0,0,6120,140,1010,0,3090,0,30,70,150,220,90,170,550,10,390,150,10,210,20,0,80,680,280,450,80,230,1390,1450,330,470,0,30,650,10,60,90,30,0,0,10,0,10,2010,1660,850,220,60,770,60,20,790,470,620,80,20,0,1140,1500,200,10420,11380,420,26700,51690,23040,32330,410,0,0,123430,17180,440,530,15920,0,31020,0,24380,2350,280,62230,50,6750,3900,5110,1300,30,30,20,100,20,0,0,50,0,0,12460,57150,1410,30,5440,2370,2440,110,0,0,10,20,440,0,250,220,0,100,30,30,20,980,10,20,0,10,0,10,10,0,20,0,20,0,0,0,40,0,0,0,10,0,0,50,0,0,0,0,0,0,0,0,0,0,0,10,0,20,0,10,150,10,0,0,0,120,10,0,10,10,0,0,380,0,10,20,0,0,70,20,0,0,60,150,540,0,20,20,670,0,20,40,0,10,0,40,30,5110,10,60,60,100,470
Jun-19,739170,144990,0,0,3300,560,810,0,0,170,10,20,330,10,0,0,3660,0,0,570,0,0,1220,30,0,0,0,0,0,0,0,0,0,0,0,0,51290,7240,0,1100,1510,14740,11830,0,50,0,4910,1810,0,1590,0,980,0,70,1440,2070,0,0,0,0,6160,160,1090,0,2910,0,40,110,190,290,130,170,560,20,340,190,20,230,10,0,70,690,280,470,110,220,1450,1480,380,390,0,20,730,10,90,90,30,0,0,30,0,30,1620,1530,640,280,260,790,240,140,1790,350,810,360,30,0,1120,1440,320,8120,14760,490,37590,41740,20510,49820,330,0,0,107030,16620,410,590,17610,0,27510,0,24550,2390,370,53800,90,5420,4300,4710,1090,30,30,20,130,20,0,0,50,0,0,10800,62600,1230,30,4910,1980,2490,130,0,0,10,20,460,0,200,190,0,50,30,40,10,1180,10,30,0,0,0,20,20,0,30,10,20,0,0,10,50,0,0,0,10,0,0,40,0,0,0,0,0,0,0,0,0,0,0,20,0,0,0,0,140,10,0,0,0,140,10,0,0,0,0,0,380,0,20,10,0,10,60,10,0,0,70,200,500,0,10,20,650,0,10,30,0,20,0,30,30,5870,0,70,60,70,510
Jul-19,1007860,171800,0,0,3950,660,600,0,0,120,10,10,520,10,0,0,3520,0,0,600,0,0,1210,50,0,0,0,0,0,0,0,0,0,0,0,0,66450,8790,0,2320,2690,20010,19140,10,150,10,10510,3980,0,3160,0,1010,0,90,2550,2880,0,10,0,10,9430,200,1610,0,5050,0,50,100,180,320,160,180,700,20,400,250,20,270,20,0,110,860,420,640,180,280,1730,1920,400,550,0,60,970,10,80,90,20,0,0,20,0,90,1990,1220,1160,400,720,850,480,470,2850,290,970,2710,40,0,1290,1870,380,9780,18460,670,26110,40840,19120,26700,370,0,0,187820,26730,1010,810,18190,0,45060,0,26950,3050,630,53640,120,6550,4110,6300,810,30,40,10,160,30,10,10,60,0,0,14240,64500,1610,30,6240,2610,2470,190,0,0,0,40,630,10,150,190,10,60,30,50,30,1610,10,30,0,10,0,10,10,0,40,0,20,10,0,10,60,0,0,0,20,10,0,40,0,0,0,0,0,0,0,0,0,0,10,10,0,0,0,0,210,10,0,0,0,160,10,0,10,0,0,0,480,0,0,20,0,10,100,30,0,0,90,180,700,10,10,30,940,0,50,30,0,20,0,40,30,5760,10,70,80,120,590
Aug-19,822420,163220,0,0,3510,460,880,0,0,120,10,10,470,20,0,0,4280,0,0,560,0,0,1160,40,0,0,0,0,0,0,0,0,0,0,0,0,62730,8820,0,1590,1820,18810,17000,10,140,10,5870,2230,0,1600,0,960,0,80,1180,2220,0,10,0,10,11020,350,1770,0,5090,0,90,110,230,370,150,240,820,10,460,190,30,280,30,0,70,900,620,570,100,300,1920,1740,460,550,0,30,890,10,100,130,50,0,0,20,0,100,2120,1220,860,410,500,1120,190,210,1470,420,1020,1500,40,0,1210,1730,330,10400,13960,520,21130,55950,19170,33760,300,0,0,152990,28200,940,1070,21600,0,62740,0,26660,3030,380,53110,130,5510,4790,6370,1190,20,20,20,140,30,10,10,100,0,0,13790,54230,1420,30,5830,2190,2520,150,0,0,0,20,560,0,180,210,10,40,80,30,30,1000,10,30,0,0,0,50,20,0,30,10,20,10,0,10,40,0,0,0,0,0,0,40,0,0,0,0,0,0,0,0,0,0,0,20,0,0,0,0,170,10,0,0,0,160,10,0,10,10,0,0,490,0,10,20,0,0,70,30,10,0,180,230,580,10,10,30,710,0,20,20,0,20,0,20,40,5590,0,70,50,110,580
Sep-19,872340,166870,0,0,3610,630,1400,0,0,140,10,10,660,10,0,0,3990,0,0,710,0,0,1300,20,0,0,0,0,0,0,0,0,0,0,0,0,68300,9030,0,1750,2150,17640,18830,10,80,10,7160,3440,0,2170,0,1190,0,80,1380,2550,0,10,0,10,9500,270,1420,0,4820,0,120,160,220,400,120,250,1080,20,560,200,30,330,40,0,80,1060,490,600,120,300,1990,1860,480,550,0,30,790,10,120,100,50,0,0,20,0,40,2120,900,1350,290,110,1140,140,20,810,400,1130,180,40,0,1110,1780,210,8110,12590,530,19550,43100,17890,29900,300,0,0,124330,15880,430,710,16290,0,42680,0,25100,2420,260,49500,110,5440,4320,6060,880,50,30,20,160,20,10,10,60,0,0,13730,51040,1800,20,6220,3150,2530,140,0,0,10,30,490,0,200,220,0,70,60,60,10,1270,0,30,0,10,0,10,30,0,30,0,20,0,0,0,30,0,0,0,0,10,10,50,0,0,0,0,0,0,0,0,0,0,10,20,0,10,0,10,150,10,0,0,0,150,20,0,10,20,0,0,420,0,10,10,0,10,80,40,0,0,80,180,600,0,10,40,880,0,10,30,0,20,0,30,40,6740,10,80,90,120,600
Oct-19,1012410,186490,0,0,3700,700,1090,0,0,140,10,20,540,10,0,0,3940,0,0,660,0,0,1520,40,0,0,0,0,0,0,0,0,0,0,0,0,88430,10330,0,2230,2590,21580,23900,10,90,0,9470,4250,0,3070,0,1620,0,140,1830,3850,0,10,0,0,9530,260,1530,0,5480,0,60,110,260,340,150,160,880,50,600,270,30,380,30,0,110,1290,550,740,200,330,2570,2180,510,570,0,40,870,20,120,70,30,0,0,20,0,30,1980,1180,1440,360,100,940,150,70,930,330,1090,200,50,0,1260,1500,220,10740,13670,430,20430,40420,19900,26660,530,0,0,137800,16950,490,690,17630,0,43000,0,27170,2280,300,47530,120,6610,3850,6090,1010,30,40,40,150,30,0,0,80,0,0,17840,63730,1750,50,6330,2490,2560,180,0,0,10,30,500,0,190,270,10,80,60,50,10,1210,20,20,0,10,0,10,40,0,30,10,20,0,0,10,50,0,0,0,10,0,0,60,0,0,0,0,0,0,0,0,0,0,0,20,0,0,0,10,180,10,0,0,10,110,0,0,10,0,0,0,390,0,10,10,0,0,80,30,0,0,140,260,590,10,20,30,800,0,20,50,0,20,0,40,20,6360,0,70,70,110,500
Nov-19,744790,157970,0,0,3540,720,1220,0,0,190,10,30,420,20,0,0,4870,0,0,760,0,0,2050,70,0,0,0,0,0,0,0,0,0,0,0,0,89910,9160,0,2000,2570,20750,21920,10,120,10,8850,4320,0,3050,0,1990,0,100,2070,4070,0,0,0,0,9570,320,1440,0,4750,0,60,150,370,460,160,180,890,40,940,300,20,470,10,0,120,1310,600,950,250,370,3680,2260,680,630,0,20,780,0,90,90,50,0,0,20,0,40,2330,1220,1150,360,150,970,70,30,840,230,1040,170,20,0,1290,1500,240,8290,12780,470,18790,45950,16350,39290,780,0,0,128160,17130,370,620,15440,0,46480,0,32210,2400,400,60360,120,9410,4090,6290,1030,50,40,20,150,20,10,0,70,0,0,20800,74660,2120,50,6150,2300,3010,170,0,0,0,30,550,0,200,250,10,120,50,40,20,1340,10,40,0,10,0,20,40,0,30,10,30,10,0,10,60,0,0,0,10,0,0,70,0,0,0,0,0,0,0,0,0,0,0,20,0,50,0,10,160,10,0,0,0,150,0,0,10,0,0,0,410,0,10,10,0,0,80,50,0,0,80,200,700,10,10,40,1030,0,10,30,0,20,0,30,30,6720,0,80,70,110,560
Dec-19,708150,176480,0,0,4260,690,770,0,0,190,10,10,580,10,0,0,7130,0,0,1010,0,0,1900,60,0,0,0,0,0,0,0,0,0,0,0,0,128230,15100,0,3240,2960,27350,33280,30,180,10,10800,7440,0,5270,0,3430,0,200,4460,10400,0,0,0,0,14170,510,2480,10,5970,0,110,280,500,940,430,160,1640,50,1300,530,50,680,30,0,180,1970,720,1550,320,490,4050,4240,1050,820,0,30,1000,10,120,70,50,0,0,30,0,50,2610,1140,1840,410,160,1180,200,30,830,230,1260,210,40,0,1220,1870,320,9360,12160,730,27670,45780,18760,37070,440,0,0,132930,25400,690,890,14510,0,53860,0,38090,3350,470,66210,180,9120,4840,9330,1060,70,30,30,310,50,10,10,90,0,0,25880,96040,2530,70,8220,2750,3580,150,0,0,10,80,720,0,220,270,0,100,50,80,20,2020,10,40,0,10,0,10,10,0,40,0,30,10,0,10,50,0,0,0,20,0,10,80,0,0,0,0,0,0,0,0,0,0,0,20,0,0,0,10,150,10,0,0,10,170,10,0,10,0,0,0,480,0,10,30,0,10,100,40,0,0,50,150,970,10,10,40,1640,0,50,70,0,20,0,110,20,13250,0,120,70,180,1070
Jan-20,1159940,179430,0,0,3900,620,1050,0,0,100,0,10,440,0,0,0,4440,0,0,580,0,0,1220,30,0,0,0,0,0,0,0,0,0,0,0,0,103720,15270,0,2430,2430,24320,23750,20,80,10,8540,4980,0,4010,0,2020,0,100,2380,5620,0,20,0,0,10500,300,1750,0,5480,0,90,160,320,600,160,220,890,30,820,360,50,570,20,0,130,1730,670,1160,290,420,3520,3010,860,740,0,30,1220,20,170,170,20,0,0,20,0,30,2430,960,1460,460,180,870,230,20,2300,390,1080,210,50,0,1390,1960,290,7400,16140,350,18510,30650,20030,17580,340,0,0,202870,22590,630,750,19990,0,38790,0,38020,2960,660,62830,150,4350,6600,6900,840,30,60,30,210,40,10,0,90,0,0,23070,76770,2090,40,8470,2800,4440,200,0,0,10,50,660,10,150,230,10,90,50,50,20,1860,10,40,0,0,0,10,30,0,40,0,20,10,0,0,70,0,0,0,10,10,0,60,0,0,0,0,0,0,0,0,0,0,0,20,0,0,0,10,160,10,0,0,10,190,10,0,20,10,0,0,640,0,10,40,0,0,130,30,0,0,70,160,1230,10,30,50,1140,0,30,40,0,20,0,50,50,7780,0,110,120,160,800
Feb-20,663830,130040,0,0,2670,490,790,0,0,110,0,10,290,10,0,0,3820,0,0,580,0,0,1080,60,0,0,0,0,0,0,0,0,0,0,0,0,99370,8840,0,2380,2270,20960,25400,10,100,0,8210,4370,0,4050,0,1880,0,140,2740,4920,0,10,0,0,8140,200,1500,0,4370,0,60,140,420,500,190,310,880,20,660,350,30,390,20,0,110,1690,570,1000,230,430,3390,2520,760,690,0,20,910,0,90,180,30,0,0,30,0,30,1970,970,1260,320,290,740,570,40,3750,290,1000,280,40,0,1660,2240,340,7620,23300,560,22790,36820,16970,19870,390,0,0,50560,19230,530,530,16020,0,44870,0,27410,4610,1040,79000,130,8880,7990,7970,1350,30,30,30,180,20,0,0,90,0,0,24540,79460,2460,50,6140,3850,3410,200,0,0,10,50,630,0,330,170,0,70,40,40,20,1370,20,50,0,10,0,10,30,0,30,0,30,10,0,10,80,0,0,0,10,10,0,80,0,0,0,0,0,0,0,0,0,0,0,20,0,60,0,10,120,0,0,0,0,200,10,0,30,0,0,0,600,0,10,20,0,0,110,20,0,0,210,320,1010,0,10,30,1030,0,30,30,0,10,0,40,40,5560,10,80,100,160,650
Mar-20,475420,83580,0,0,1560,240,430,0,0,60,0,0,130,0,0,0,1950,0,0,270,0,0,660,20,0,0,0,0,0,0,0,0,0,0,0,0,50580,5420,0,1250,1240,10690,13930,10,60,10,4390,2510,0,1620,0,810,0,60,1140,1990,0,0,0,0,3990,140,720,0,2490,0,40,60,150,210,70,120,400,20,310,130,10,160,10,0,70,680,270,470,120,260,1400,1400,270,380,0,20,420,10,40,90,10,0,0,20,0,20,580,840,560,160,80,500,200,0,1020,180,450,120,20,0,800,910,150,4260,7640,160,10020,13980,8640,9900,160,0,0,38080,5180,80,160,3750,0,14090,0,4050,2250,320,38950,60,5950,4940,3730,1120,10,20,30,90,0,0,0,40,0,0,10640,34420,1540,20,4110,2030,1780,100,0,0,0,20,350,0,350,120,0,20,40,30,10,660,10,10,0,0,0,10,10,0,30,10,10,0,0,0,20,0,0,0,0,0,0,30,0,0,0,0,0,0,0,0,0,0,0,10,0,0,0,0,50,10,0,0,0,90,0,0,10,10,0,0,280,0,0,10,0,0,30,10,0,0,70,120,380,10,10,20,500,0,10,20,0,10,0,10,20,4070,0,50,40,50,340
Apr-20,14700,1170,0,0,30,0,0,0,0,0,0,0,10,0,0,0,30,0,0,30,0,0,60,0,0,0,0,0,0,0,0,0,0,0,0,0,530,60,0,20,10,90,220,0,0,0,30,20,0,20,0,10,0,0,10,10,0,0,0,0,40,0,10,0,10,0,0,0,0,10,0,10,10,0,10,10,0,0,0,0,0,10,10,10,0,0,20,20,0,10,0,0,10,0,0,10,0,0,0,0,0,0,70,10,0,10,0,30,0,0,0,10,10,0,0,0,10,20,0,70,30,0,270,210,360,60,0,0,0,310,30,0,0,30,0,60,0,30,60,0,980,0,60,280,60,140,0,0,0,0,0,0,0,0,0,0,60,200,60,0,50,30,20,0,0,0,0,0,40,0,10,0,0,0,0,0,0,10,0,0,0,0,0,0,0,0,0,0,0,0,0,0,0,0,0,0,0,0,0,0,0,0,0,0,0,0,0,0,0,0,0,0,0,0,0,0,0,0,0,0,0,10,0,0,0,0,0,0,0,0,0,0,0,0,0,0,0,0,0,0,0,0,0,0,0,0,0,0,0,0,0,0,0,170,0,0,0,0,0
May-20,10890,2310,0,0,60,0,0,0,0,0,0,0,0,0,0,0,30,0,0,10,0,0,10,0,0,0,0,0,0,0,0,0,0,0,0,0,550,70,0,0,10,80,60,0,0,0,50,20,0,30,0,10,0,0,20,20,0,0,0,0,30,0,10,0,30,0,0,0,10,30,0,0,10,0,20,0,0,0,0,0,0,0,0,0,0,0,30,30,0,20,0,0,20,0,0,10,0,0,0,0,0,0,60,20,0,10,0,20,0,0,0,10,10,0,10,0,40,0,10,100,30,0,100,80,250,110,0,0,0,620,40,0,0,40,0,110,0,80,70,0,1310,0,150,310,130,220,0,0,0,0,0,0,0,0,0,0,70,300,10,0,40,10,10,0,0,0,0,0,0,0,0,0,0,0,0,0,0,10,0,0,0,0,0,0,0,0,0,0,0,0,0,0,0,0,0,0,0,0,0,0,0,0,0,0,0,0,0,0,0,0,0,0,0,0,0,0,0,0,0,0,0,0,0,0,0,0,0,0,0,0,0,0,0,0,0,0,0,0,0,10,10,0,0,0,0,0,0,0,0,0,0,0,10,170,0,0,0,0,10
Jun-20,13790,2730,0,0,60,0,0,0,0,0,0,0,20,0,0,0,30,0,0,0,0,0,10,0,0,0,0,0,0,0,0,0,0,0,0,0,800,90,0,10,10,110,130,0,0,0,60,10,0,20,0,10,0,0,20,20,0,0,0,0,90,0,40,0,60,0,10,0,20,40,0,0,20,0,30,0,0,10,0,0,0,10,0,10,20,10,60,40,0,100,0,0,20,0,0,10,0,0,0,0,0,0,90,50,10,20,0,20,0,0,20,10,30,10,0,0,10,0,0,100,70,0,210,70,290,140,0,0,0,1190,80,0,10,100,0,100,0,100,60,10,1370,0,250,430,80,250,0,0,0,0,0,0,0,0,0,0,110,630,10,0,130,10,30,0,0,0,0,0,30,0,0,0,0,0,0,0,0,20,0,0,0,0,0,0,0,0,0,0,0,0,0,0,0,0,0,0,0,0,0,0,0,0,0,0,0,0,0,0,0,0,0,0,0,0,0,0,0,0,0,0,0,0,0,0,0,0,0,0,0,0,0,0,0,0,0,0,0,0,0,0,10,0,0,0,20,0,0,0,0,0,0,0,0,330,0,0,0,0,10
Jul-20,10330,1540,0,0,70,10,0,0,0,0,0,0,10,0,0,0,10,0,0,0,0,0,10,0,0,0,0,0,0,0,0,0,0,0,0,0,650,70,0,20,10,110,100,0,0,0,70,20,0,10,0,20,0,0,20,30,0,0,0,0,50,0,20,0,40,0,0,0,10,20,0,0,40,0,20,0,0,10,0,0,0,10,10,10,0,10,30,30,10,70,0,0,50,0,0,10,0,0,0,0,0,0,50,20,0,10,0,40,0,10,0,10,20,10,0,0,30,20,0,30,70,0,200,280,210,140,0,0,0,620,70,0,0,60,0,120,0,110,30,0,480,0,10,150,40,50,0,0,0,10,0,0,0,0,0,0,130,530,10,0,30,0,0,0,0,0,0,0,0,0,0,0,0,0,0,0,0,10,0,0,0,0,0,0,0,0,0,0,0,0,0,0,0,0,0,0,0,0,0,0,0,0,0,0,0,0,0,0,0,0,0,0,0,0,0,0,0,0,0,0,0,0,0,0,0,0,0,0,0,0,0,0,0,0,0,0,0,0,0,10,0,0,0,0,0,0,0,0,0,0,0,0,0,50,0,0,0,0,10
Aug-20,8530,1130,0,0,30,0,0,0,0,0,0,0,10,0,0,0,20,0,0,0,0,0,0,0,0,0,0,0,0,0,0,0,0,0,0,0,640,90,0,10,20,150,100,0,0,0,50,10,0,20,0,20,0,0,10,30,0,0,0,0,40,0,10,0,30,0,0,0,10,20,0,10,20,0,20,0,0,10,0,0,0,20,10,10,10,0,30,30,0,100,0,0,50,0,0,10,0,0,0,0,0,0,60,10,10,10,0,60,0,0,10,10,30,10,0,0,30,20,0,40,100,0,80,150,130,130,0,0,0,630,80,0,10,40,0,160,0,120,30,0,610,0,0,100,50,30,0,0,10,0,0,0,0,0,0,0,80,530,10,0,20,10,10,0,0,0,0,0,0,0,0,10,0,0,0,0,0,10,0,0,0,0,0,0,0,0,0,0,0,0,0,0,0,0,0,0,0,0,0,0,0,0,0,0,0,0,0,0,0,0,0,0,0,0,0,0,0,0,0,0,0,0,0,0,0,0,0,0,0,0,0,0,0,0,0,0,0,0,0,10,10,0,0,0,0,0,0,0,0,0,0,0,0,100,0,0,0,10,0
Sep-20,8540,1200,0,0,60,0,170,0,0,0,0,0,20,0,0,0,20,0,0,0,0,0,0,0,0,0,0,0,0,0,0,0,0,0,0,0,850,160,0,20,20,150,130,0,0,0,100,20,0,30,0,10,0,0,20,30,0,0,0,0,60,0,20,0,50,0,0,0,0,10,0,0,20,0,10,0,0,10,0,0,0,10,10,10,10,0,10,20,10,60,0,0,40,10,0,10,0,0,0,0,0,0,80,30,10,10,0,30,0,0,10,30,40,10,0,0,10,10,0,60,120,0,140,120,240,140,0,0,0,780,80,0,10,40,0,150,0,100,50,0,690,0,10,70,110,50,0,0,0,0,0,0,0,0,0,0,150,680,10,0,30,0,10,0,0,0,0,0,0,0,0,0,0,0,0,0,0,10,0,0,0,0,0,0,0,0,0,0,0,0,0,0,0,0,0,0,0,0,0,0,0,0,0,0,0,0,0,0,0,0,0,0,0,0,0,0,0,0,0,0,0,0,0,0,0,0,0,0,10,0,0,0,0,0,0,0,0,0,0,0,10,0,0,0,0,0,0,0,0,0,0,0,0,80,0,0,0,0,10
Oct-20,11770,2450,0,0,60,10,170,0,0,60,0,0,20,0,0,0,60,0,0,10,0,0,160,0,0,0,0,0,0,0,0,0,0,0,0,0,1160,160,0,30,30,280,200,0,0,0,100,30,0,40,0,20,0,10,30,40,0,0,0,0,130,0,30,0,80,0,0,0,10,20,10,0,20,0,20,0,0,20,0,0,0,20,10,10,10,10,50,50,0,60,0,0,80,0,10,10,0,0,0,0,0,0,110,30,20,10,0,20,10,0,30,10,80,10,10,0,20,10,0,80,220,0,180,190,340,170,0,0,0,990,90,0,0,60,0,160,0,130,60,0,1070,0,130,200,90,90,0,0,10,0,0,0,0,0,0,0,210,710,70,0,60,10,20,0,0,0,0,0,10,0,0,0,0,0,0,0,10,10,0,0,0,0,0,0,0,0,0,0,0,0,0,0,0,0,0,0,0,0,0,0,0,0,0,0,0,0,0,0,0,0,0,0,0,0,0,0,0,0,0,0,0,10,0,0,0,0,0,0,20,0,0,0,0,0,0,0,0,0,10,10,20,0,0,0,0,0,0,0,0,0,0,0,0,290,0,10,0,10,10
Nov-20,15190,3710,0,0,60,180,10,0,0,0,0,0,10,0,0,0,230,0,0,0,0,0,140,0,0,0,0,0,0,0,0,0,0,0,0,0,1280,120,0,20,30,250,220,0,0,0,100,20,0,40,0,10,0,0,30,50,0,0,0,0,120,0,30,0,50,0,0,0,10,20,0,10,30,0,30,0,0,10,0,0,10,20,10,10,0,10,40,60,0,60,0,0,60,0,0,0,0,0,0,0,0,0,70,20,30,30,0,40,10,0,20,20,60,0,10,0,40,20,10,120,240,0,270,200,490,130,0,0,0,1190,110,0,0,40,0,290,0,130,70,0,1140,0,90,180,80,160,0,0,0,0,0,0,0,0,0,0,240,780,20,0,60,20,20,0,0,0,0,0,10,0,10,10,0,0,0,0,0,10,0,0,0,0,0,0,0,0,0,0,0,0,0,0,10,0,0,0,0,0,0,0,0,0,0,0,0,0,0,0,0,0,0,0,0,0,0,0,0,0,0,0,0,10,0,0,0,0,0,0,20,0,0,0,0,0,0,0,0,0,0,10,20,0,0,0,10,0,0,0,0,0,0,0,0,380,0,0,10,0,40
Dec-20,17610,4940,0,0,100,10,160,0,0,0,0,0,10,0,0,0,50,0,0,10,0,0,180,0,0,0,0,0,0,0,0,0,0,0,0,0,1140,130,0,20,30,230,170,0,0,0,130,30,0,40,0,30,0,0,40,50,0,0,0,0,90,0,10,0,90,0,0,10,10,20,0,10,30,0,10,10,0,10,0,0,10,20,0,10,10,20,50,80,0,50,0,0,70,0,10,10,0,0,0,10,0,0,150,40,40,10,0,50,0,0,0,20,40,0,0,0,10,50,0,110,280,0,330,330,430,270,160,0,0,1330,200,0,10,60,0,270,0,200,90,20,1720,0,80,380,200,170,0,0,0,10,0,0,0,10,0,0,230,770,30,0,50,40,30,10,0,0,0,0,10,0,0,20,0,10,10,10,10,10,0,0,0,0,0,0,0,0,0,0,0,0,0,0,0,0,0,0,0,0,0,0,0,0,0,0,0,0,0,0,0,0,0,0,0,0,0,0,20,0,0,0,0,10,0,0,0,0,0,0,50,0,0,0,0,0,10,0,0,0,10,10,30,0,0,0,0,0,0,0,0,0,0,0,0,460,0,0,0,10,50
Jan-21,13990,4380,0,0,80,10,570,0,0,0,0,0,20,0,0,0,260,0,0,0,0,0,160,0,0,0,0,0,0,0,0,0,0,0,0,0,1090,210,0,60,40,310,210,0,0,0,140,40,0,40,0,20,0,0,30,60,0,0,0,0,190,0,40,0,130,0,0,10,20,40,0,10,40,0,40,10,0,30,0,0,20,50,10,20,20,10,90,90,20,50,0,0,70,0,0,10,0,0,0,0,0,0,110,30,20,20,10,50,10,0,40,20,50,10,0,0,40,20,0,80,230,20,230,360,390,350,0,0,0,1490,220,0,0,80,0,260,0,210,80,0,1470,0,80,310,190,110,0,0,10,0,0,0,0,0,0,0,270,900,40,0,80,20,20,0,0,0,0,0,10,0,0,0,0,10,0,10,0,20,0,0,0,0,0,0,0,0,0,0,0,0,0,0,10,0,0,0,0,0,0,0,0,0,0,0,0,0,0,0,0,0,0,0,0,0,0,0,0,0,0,0,0,0,0,0,0,0,0,0,30,0,0,0,0,0,0,0,0,0,0,10,10,0,0,0,0,0,0,0,0,0,0,0,0,300,0,0,0,10,20
Feb-21,11190,4060,0,0,90,20,10,0,0,0,0,0,10,0,0,0,70,0,0,0,0,0,300,10,0,0,0,0,0,0,0,0,0,0,0,0,960,120,0,20,20,220,170,0,0,0,120,30,0,30,0,10,0,0,20,30,0,0,0,0,100,0,40,0,50,0,0,10,0,30,0,10,20,0,20,10,0,10,0,0,0,20,10,0,0,10,50,60,10,50,0,0,50,0,0,10,0,0,0,10,0,0,160,30,20,20,0,50,0,0,30,10,40,10,0,0,30,40,0,130,140,0,240,250,410,230,20,0,0,1090,150,0,0,40,0,200,0,190,100,0,1550,0,120,240,130,140,0,0,0,10,0,0,0,0,0,0,170,600,30,0,50,40,20,0,0,0,0,0,10,0,0,10,0,0,0,0,0,10,0,0,0,0,0,0,0,0,0,0,0,0,0,0,0,0,0,0,0,0,0,0,0,0,0,0,0,0,0,0,0,0,0,0,0,0,0,0,0,0,0,0,0,10,0,0,0,0,0,0,30,0,0,0,0,0,0,0,0,0,0,10,10,0,0,0,10,0,0,0,0,0,0,0,10,200,0,0,10,0,60
Mar-21,14010,5060,0,0,90,160,170,0,0,10,0,0,10,0,0,0,220,0,0,0,0,0,240,0,0,0,0,0,0,0,0,0,0,0,0,0,1040,130,0,30,20,220,230,0,0,0,90,30,0,30,0,20,0,0,20,40,0,0,0,0,90,0,30,0,60,0,10,10,20,20,0,10,20,0,50,10,10,10,0,0,0,0,10,10,0,10,40,60,0,90,0,0,60,0,0,20,0,0,0,0,0,0,140,40,40,20,0,60,10,0,30,30,40,0,0,0,50,50,0,180,460,0,220,370,510,230,0,0,0,1250,160,0,10,90,0,250,0,190,100,10,1930,0,110,340,170,390,0,0,10,10,0,0,0,0,0,0,200,1050,30,0,80,10,30,0,0,0,0,0,10,0,0,0,0,0,10,0,0,30,0,0,0,0,0,0,0,0,0,0,0,0,0,0,0,0,0,0,0,0,0,0,0,0,0,0,0,0,0,0,0,0,0,0,0,0,0,0,10,0,0,0,0,10,0,0,0,0,0,0,50,0,0,0,0,0,0,20,0,0,10,20,30,0,0,0,10,0,10,0,0,0,0,0,10,260,0,0,0,10,50
Apr-21,19350,20290,0,0,50,360,510,0,0,0,0,0,10,0,0,0,220,0,0,330,0,0,400,0,0,0,0,0,0,0,0,0,0,0,0,0,1200,160,0,30,40,220,210,0,0,0,160,20,0,30,0,20,0,0,20,40,0,0,0,0,120,0,40,0,70,0,10,10,10,30,0,10,20,0,20,0,0,20,0,0,0,20,10,10,10,10,50,70,10,60,0,0,60,0,10,10,0,0,0,10,0,0,160,50,20,30,0,60,0,0,20,30,40,10,0,0,60,30,0,150,280,10,270,300,570,200,10,0,0,1530,170,0,0,40,0,320,0,210,100,0,1800,0,170,480,200,400,0,0,0,20,0,0,0,0,0,0,210,800,20,0,70,20,20,10,0,0,0,0,10,0,0,0,0,0,0,0,0,20,0,0,0,0,0,0,0,0,0,0,0,0,0,0,10,0,0,0,0,0,0,0,0,0,0,0,0,0,0,0,0,0,0,0,0,0,0,0,10,0,0,0,0,10,0,0,10,0,0,0,50,0,0,0,0,0,0,10,0,0,10,10,20,0,0,0,10,0,0,0,0,10,0,0,20,340,0,0,10,20,40
May-21,44250,52260,0,0,60,330,600,0,0,200,0,0,10,0,0,0,90,0,0,200,0,0,400,0,0,0,0,0,0,0,0,0,0,0,0,0,2460,260,0,50,50,330,310,0,0,0,250,40,0,50,0,40,0,0,50,70,0,0,0,0,190,10,50,0,100,0,10,10,20,30,0,10,40,0,40,10,0,10,0,0,10,50,0,20,10,10,80,100,10,100,0,0,100,0,0,30,0,0,0,10,0,0,220,90,30,40,0,90,0,0,10,40,60,10,10,0,50,50,0,170,370,20,310,410,860,260,20,0,0,1920,270,0,10,60,0,420,0,260,160,0,1400,10,110,340,260,280,10,0,10,10,0,0,0,10,0,0,330,1030,30,0,130,30,30,0,0,0,0,0,10,0,10,30,0,0,0,0,0,40,0,0,0,0,0,0,0,0,0,0,0,0,0,0,0,0,0,0,0,0,0,0,0,0,0,0,0,0,0,0,0,0,0,0,0,0,0,0,20,0,0,0,0,40,0,0,10,0,0,0,80,0,0,10,0,0,0,0,0,0,10,40,30,0,0,0,20,0,0,0,0,0,0,0,10,460,0,0,0,20,50
Jun-21,40260,43750,0,0,80,180,770,0,0,0,0,0,10,0,0,0,140,0,0,530,0,0,350,0,0,0,0,0,0,0,0,0,0,0,0,0,2230,280,0,30,40,410,310,0,0,0,170,40,0,50,0,30,0,0,40,70,0,0,0,0,200,10,50,0,110,0,0,0,10,30,0,10,20,0,30,20,0,10,0,0,10,40,10,20,20,10,50,90,20,90,0,0,100,0,10,10,0,0,0,10,0,0,180,70,50,20,0,80,10,10,30,30,50,20,0,0,40,40,0,180,350,10,300,370,870,300,10,0,0,1880,320,0,10,80,0,300,0,220,120,0,1810,10,50,270,210,350,0,10,10,0,0,0,0,0,0,0,330,1720,40,0,130,40,40,0,0,0,0,0,10,0,10,10,0,0,0,0,10,30,0,0,0,0,0,0,0,0,0,0,0,0,0,0,0,0,0,0,0,0,0,0,0,0,0,0,0,0,0,0,0,0,0,0,0,0,0,0,0,0,0,0,0,20,10,0,10,0,0,0,70,0,0,0,0,0,0,0,0,0,0,40,30,0,0,0,10,0,0,0,0,0,0,0,0,370,0,10,0,10,40
Jul-21,33730,27050,0,0,60,180,390,0,0,0,0,0,0,0,0,0,50,0,0,230,0,0,190,0,0,0,0,0,0,0,0,0,0,0,0,0,1750,280,0,30,40,330,270,0,0,0,150,30,0,30,0,30,0,0,30,40,0,0,0,0,140,10,30,0,70,0,0,10,10,20,0,10,20,0,10,0,10,10,0,0,0,20,10,20,10,10,40,60,10,40,0,10,50,10,0,10,10,0,0,0,0,0,180,50,40,20,0,60,10,0,20,30,40,10,0,0,30,30,10,160,260,10,230,350,610,210,10,0,0,1540,280,0,0,110,0,220,0,200,90,10,1780,0,60,150,180,330,0,0,10,10,0,0,0,0,0,0,280,1010,50,0,80,40,40,0,0,0,0,0,10,0,0,10,0,10,0,0,0,20,0,0,0,0,0,0,0,0,0,0,0,0,0,0,0,0,0,0,0,0,0,0,0,0,0,0,0,0,0,0,0,0,0,0,0,0,0,0,0,0,0,0,0,20,10,0,0,0,0,0,40,0,0,10,0,0,0,0,0,0,0,20,30,0,0,0,10,0,0,0,0,0,0,0,10,250,0,0,10,10,20
Aug-21,11340,4080,0,0,70,200,810,0,0,10,0,0,0,0,0,0,50,0,0,320,0,0,10,0,0,0,0,0,0,0,0,0,0,0,0,0,1090,260,0,30,30,220,170,0,0,0,80,30,0,20,0,20,0,0,30,50,0,0,0,0,60,0,10,0,50,0,0,0,10,10,10,10,10,0,20,10,0,10,0,0,0,10,0,0,10,10,20,50,10,70,0,0,60,0,10,0,0,0,0,0,0,0,150,40,20,10,0,50,0,0,20,30,20,10,10,0,10,20,10,80,210,0,180,220,510,320,0,0,0,1100,230,0,10,70,0,130,0,130,20,0,1510,0,70,190,120,1000,0,0,0,0,0,0,0,0,0,0,140,510,70,0,40,10,10,0,0,0,0,0,0,0,0,0,0,0,0,0,0,20,0,0,0,0,0,0,0,0,0,0,0,0,0,0,0,0,0,0,0,0,0,0,0,0,0,0,0,0,0,0,0,0,0,0,0,0,0,0,0,0,0,0,0,10,0,0,0,0,0,0,20,0,0,0,0,0,0,0,0,0,0,0,20,0,0,0,0,0,0,0,0,0,0,0,10,270,0,0,0,0,20
Sep-21,8260,470,0,0,40,200,430,0,0,90,0,0,10,0,0,0,60,0,0,370,0,0,290,0,0,0,0,0,0,0,0,0,0,0,0,0,960,210,0,20,30,150,150,0,0,0,70,20,0,10,0,10,0,0,20,30,0,0,0,0,70,0,30,0,50,0,0,0,10,20,0,10,20,0,10,0,0,0,0,0,0,10,0,10,0,10,40,40,10,60,0,0,60,0,10,0,0,0,0,0,0,0,70,40,20,10,0,50,0,0,20,20,30,10,0,0,20,30,0,70,190,0,380,180,460,320,0,0,0,910,190,0,0,60,0,120,0,60,30,10,950,0,40,270,130,810,0,0,10,0,0,0,0,10,0,0,140,380,10,0,30,10,10,0,0,0,0,0,20,0,0,0,0,0,0,0,10,10,0,0,0,0,0,0,0,0,10,0,0,0,0,0,0,0,0,0,0,0,0,0,0,0,0,0,0,0,0,0,0,0,0,0,0,0,0,0,0,0,0,0,0,0,0,0,0,0,0,0,20,0,0,0,0,0,0,0,0,0,0,0,10,0,0,0,0,0,0,0,0,0,0,0,10,220,0,0,0,10,30
Oct-21,6950,740,0,0,60,460,440,0,0,0,0,0,10,0,0,0,40,0,0,330,0,0,370,10,0,0,0,0,0,0,0,0,0,0,0,0,780,180,0,20,10,210,140,0,0,0,50,20,0,10,0,20,0,0,10,30,0,0,0,0,70,0,30,0,40,0,0,0,10,10,0,10,20,0,20,10,0,0,0,0,0,10,10,10,0,20,20,60,0,110,0,0,40,0,0,0,0,0,0,0,0,0,80,20,10,10,0,30,0,0,10,0,40,10,0,0,20,40,0,60,180,0,80,150,620,140,10,0,0,690,160,0,10,30,0,100,0,90,40,0,1130,0,20,200,130,250,0,0,0,0,0,0,0,0,0,0,110,360,10,0,70,10,20,0,0,0,0,0,10,0,0,10,0,0,0,0,0,0,0,0,0,0,0,0,0,0,0,0,0,0,0,0,0,0,0,0,0,0,0,0,0,0,0,0,0,0,0,0,0,0,0,0,0,0,0,0,0,0,0,0,0,0,0,0,0,0,0,0,10,0,0,0,0,0,0,0,0,0,0,10,10,0,0,0,0,0,0,0,0,0,0,0,10,150,0,0,0,10,30
Nov-21,35530,3680,0,0,120,280,270,0,0,10,0,0,10,0,0,0,160,0,0,560,0,0,150,10,0,0,0,0,0,0,0,0,0,0,0,0,3400,430,0,70,60,430,490,0,0,0,250,80,0,110,0,50,0,0,90,130,0,0,0,0,310,10,50,0,160,0,10,10,20,20,10,30,60,0,60,10,10,20,0,0,10,40,10,40,10,20,80,140,20,130,0,0,210,0,20,30,0,0,0,10,0,0,500,190,110,70,0,270,0,0,80,80,100,10,10,0,150,170,20,270,700,10,670,950,1410,2130,20,0,0,3270,500,0,30,80,0,270,0,440,320,0,5060,0,490,630,740,930,0,10,10,10,0,0,0,10,0,0,570,1480,20,0,150,30,50,0,0,0,0,0,20,0,10,20,0,0,10,10,10,30,0,0,0,0,0,0,0,0,10,0,0,0,0,0,0,0,0,0,0,0,0,10,0,0,0,0,0,0,0,0,0,0,0,0,0,10,0,0,10,0,0,0,0,30,10,0,10,0,0,0,100,0,0,20,0,0,0,0,0,0,20,70,90,0,0,0,50,0,0,0,0,10,0,0,20,610,0,10,10,10,120
Dec-21,82590,8340,0,0,150,230,540,0,0,10,0,0,10,0,0,0,670,0,0,470,0,0,180,10,0,0,0,0,0,0,0,0,0,0,0,0,10510,1210,0,140,230,1570,1520,0,10,0,820,230,0,270,0,100,0,10,210,430,0,10,0,0,980,30,130,0,390,0,30,30,40,80,20,150,120,10,120,30,10,80,10,0,30,140,40,90,30,40,250,280,100,240,0,10,500,0,20,60,10,0,0,20,0,10,1200,1840,310,140,50,420,20,10,430,200,290,30,30,0,220,370,20,1040,2540,40,2220,2150,3190,5420,30,0,0,7470,1300,20,330,310,0,920,0,2000,1360,420,22010,10,5780,4060,2750,580,10,10,30,30,0,0,0,30,0,0,1830,4770,140,0,520,120,270,10,0,0,0,0,80,0,10,40,0,10,0,10,0,120,0,0,0,0,0,0,0,0,0,0,0,0,0,0,10,0,0,0,0,0,0,10,0,0,0,0,0,0,0,0,0,0,0,10,0,0,0,0,10,0,0,0,10,90,10,0,10,0,0,0,460,0,0,20,0,0,0,10,0,0,20,100,390,0,0,10,160,0,0,0,0,10,0,0,30,540,0,20,20,20,100
Jan-22,139240,9170,0,0,240,30,280,0,0,100,0,0,10,0,0,0,1020,0,0,260,0,0,30,0,0,0,0,0,0,0,0,0,0,0,0,0,14280,2660,0,230,300,2760,2070,0,10,0,980,250,0,310,0,200,0,10,270,580,0,0,0,0,1500,40,200,0,1020,0,30,30,40,100,20,50,160,10,100,30,10,80,20,0,20,160,60,140,40,110,340,400,110,210,0,10,640,10,30,50,10,0,0,20,0,0,1430,490,240,200,70,470,60,10,740,210,320,60,20,0,260,600,40,1400,2540,30,2150,2680,2730,3890,60,0,0,8000,1610,40,180,610,0,1630,0,2540,1480,260,22260,20,4160,2800,2350,380,10,20,10,50,10,10,0,40,0,0,2820,6130,210,10,970,220,550,20,0,0,0,0,90,0,20,30,0,20,10,10,10,240,0,10,0,0,0,0,0,0,10,0,10,0,0,0,20,0,0,0,0,0,0,10,0,0,0,0,0,0,0,0,0,0,0,10,0,0,0,0,30,0,0,0,0,100,0,0,0,0,0,0,370,0,0,10,0,0,40,10,0,0,30,80,360,10,0,10,110,0,10,20,0,0,0,0,30,2000,0,30,40,30,260
Feb-22,112150,10080,0,0,350,70,130,0,0,30,0,0,70,0,0,0,1450,0,0,10,0,0,20,0,0,0,0,0,0,0,0,0,0,0,0,0,14920,1920,0,260,310,2470,2500,0,10,0,1120,340,0,320,0,180,0,10,370,630,0,0,0,0,1520,10,270,0,700,0,40,20,50,80,20,80,140,10,140,30,10,70,10,0,20,180,90,130,30,80,340,440,100,190,0,20,560,10,10,60,10,0,0,20,0,10,1430,480,240,190,110,430,130,10,1110,150,390,120,10,0,360,650,100,1980,4900,120,3800,5130,4040,6290,100,0,0,15240,2810,110,180,1270,0,1900,0,3030,2120,360,27140,40,5080,3870,3120,880,10,10,10,100,10,0,0,20,0,0,2950,6300,230,10,1260,250,700,20,0,0,0,20,160,0,30,50,0,10,10,20,0,270,0,10,0,0,0,0,0,0,10,0,0,0,0,0,10,0,0,0,0,0,0,10,0,0,0,0,0,0,0,0,0,0,0,10,0,0,0,0,40,10,0,0,0,100,10,0,20,0,0,0,470,0,10,20,0,0,30,20,0,0,20,120,510,0,0,20,230,0,10,10,0,10,0,10,30,1820,0,30,50,90,310
Mar-22,144120,29510,0,0,800,170,260,0,0,80,0,0,170,0,0,0,1970,0,0,460,0,0,300,10,0,0,0,0,0,0,0,0,0,0,0,0,29770,3750,0,500,680,4790,5220,10,20,0,2160,680,0,680,0,320,0,20,420,950,0,0,0,0,2530,60,390,0,1190,0,30,20,70,110,50,80,310,0,190,60,10,60,10,0,30,320,160,240,60,120,670,490,170,1860,0,10,400,10,50,50,10,0,0,20,0,10,1540,600,390,140,70,450,30,20,670,200,380,80,20,0,330,480,70,3020,4120,60,4240,5340,4960,9410,350,0,0,9860,1700,30,270,1400,0,2960,0,3660,2090,140,32210,40,8350,4710,3820,500,20,10,20,70,10,0,0,30,0,0,5070,13410,470,10,2250,590,880,40,0,0,0,10,170,0,50,40,0,10,10,20,0,280,0,10,0,0,0,0,10,0,0,0,10,0,0,0,0,0,0,0,10,0,0,10,0,0,0,0,0,0,0,0,0,0,0,10,0,0,0,20,40,0,0,0,0,110,10,0,20,0,0,0,380,0,10,20,0,0,30,10,0,0,20,130,410,0,10,10,390,0,10,10,0,10,0,10,20,2580,0,30,40,40,260
Apr-22,253060,67080,0,0,890,480,210,0,0,20,0,0,200,0,0,0,2470,0,0,220,0,0,290,10,0,0,0,0,0,0,0,0,0,0,0,0,36490,5070,0,610,810,7610,6130,0,50,10,2770,970,0,970,0,400,0,50,560,1020,0,0,0,0,3380,60,570,0,1560,0,30,20,60,100,60,50,380,10,240,70,20,80,10,0,20,270,170,280,70,140,710,310,180,1360,0,10,300,0,20,40,10,0,0,20,0,10,1490,480,860,120,50,310,20,0,270,240,320,50,20,0,460,770,110,4970,6420,120,7480,7800,6380,15300,340,0,0,7700,2170,20,240,1560,0,5350,0,5650,1530,160,45390,50,6950,3010,4120,550,10,30,10,70,10,0,0,40,0,0,6050,17150,990,10,3210,1100,1040,40,0,0,0,20,200,0,90,60,0,20,20,10,0,370,0,10,0,0,0,0,0,0,10,10,0,0,0,0,10,0,0,0,0,0,0,10,0,0,0,0,0,0,0,0,0,0,0,10,0,0,0,10,50,0,0,0,0,90,0,0,10,0,0,0,290,0,0,10,0,10,40,10,0,0,30,60,410,0,0,10,350,0,10,10,0,10,0,20,30,3530,10,30,30,60,370
May-22,305910,73520,0,0,1160,380,380,0,0,60,0,0,120,0,0,0,2640,0,0,150,0,0,280,10,0,0,0,0,0,0,0,0,0,0,0,0,25220,4030,0,490,600,6230,4970,10,30,0,2420,680,0,790,0,300,0,30,410,820,0,0,0,0,2940,50,490,0,1400,0,20,30,80,80,70,100,350,10,220,50,20,90,0,0,20,280,110,220,40,130,590,310,120,960,0,20,490,10,50,60,20,0,0,20,0,10,1300,720,570,120,70,520,30,20,570,400,370,80,20,0,450,940,110,5530,7550,190,7930,8750,7790,23560,430,0,0,9530,2070,20,270,1570,0,5240,0,6000,1970,310,56330,60,8560,4760,4480,590,20,10,20,40,10,10,0,50,0,0,5790,19270,930,10,3830,920,1520,60,0,0,0,20,250,0,90,70,0,30,10,20,10,380,0,20,0,0,0,0,0,0,10,0,10,0,0,0,20,0,0,0,0,10,0,10,0,0,0,0,0,0,0,0,0,0,0,10,0,0,0,0,150,0,0,0,0,130,10,0,0,0,0,0,370,0,0,20,0,10,40,20,0,0,50,130,450,0,0,30,420,0,10,10,0,10,0,10,20,3710,0,40,50,90,440
Jun-22,351460,81490,0,0,1280,570,410,0,0,130,0,10,160,0,0,0,2720,0,0,160,0,0,480,50,0,0,0,0,0,0,0,0,0,0,0,0,27500,5050,0,540,700,7320,5060,10,20,0,2480,720,0,780,0,430,0,40,740,1050,0,0,0,0,3320,50,510,0,1480,0,40,60,80,100,40,140,320,10,200,80,10,110,10,0,30,310,160,250,60,150,750,540,180,830,0,20,450,10,50,50,10,0,0,20,0,10,1590,580,490,180,120,690,30,50,430,210,530,130,20,0,640,1120,160,4970,9180,180,11040,9070,8470,32580,580,0,0,14780,3270,50,320,2480,0,5180,0,7060,1910,580,46810,60,9090,3990,3820,820,20,20,20,90,10,0,0,50,0,0,5500,24170,1040,10,3780,1030,2280,90,0,0,0,10,280,0,80,120,0,20,20,20,0,500,0,10,0,0,0,0,0,0,10,0,10,0,0,0,10,0,0,0,10,0,0,20,0,0,0,0,0,0,0,0,0,0,0,10,0,0,0,0,70,0,0,0,0,90,10,0,10,0,0,0,360,0,0,10,0,0,40,10,0,0,40,110,570,0,0,30,470,0,10,20,0,20,0,20,30,3700,0,30,30,50,320
Jul-22,605420,111480,0,0,1780,550,500,0,0,140,0,0,290,10,0,0,3140,0,0,180,0,0,460,10,0,0,0,0,0,0,0,0,0,0,0,0,39140,7230,0,1000,1190,9590,9570,10,70,0,5200,1630,0,1550,0,480,0,40,1670,1550,0,0,0,0,4600,90,660,0,2600,0,30,40,100,110,80,110,330,10,210,110,10,160,0,0,40,410,260,350,80,190,860,630,270,1080,0,30,690,10,50,80,20,0,0,10,0,30,1210,290,680,270,260,450,80,110,1070,160,670,790,30,0,720,1490,170,5750,14870,410,13730,14880,11020,20650,410,0,0,28230,4590,80,640,3690,0,9950,0,10270,2740,800,44260,90,8590,3270,3650,610,20,20,20,100,20,10,0,40,0,0,8110,27860,900,20,3330,1210,2370,80,0,0,10,30,390,0,110,60,0,20,30,30,10,770,0,10,0,10,0,10,10,0,10,10,10,0,0,0,20,0,0,0,0,0,0,30,0,0,0,0,0,0,0,0,0,0,0,0,0,0,0,0,30,0,0,0,0,90,0,0,10,0,0,0,330,0,0,10,0,0,40,10,0,0,20,90,660,0,10,20,390,0,20,20,0,10,0,10,10,3660,0,50,50,90,440
Aug-22,537100,107390,0,0,1650,390,720,0,0,180,10,10,340,10,0,0,3230,0,0,400,0,0,470,50,0,0,0,0,0,0,0,0,0,0,0,0,39200,7450,0,880,1000,10860,9940,0,60,0,3640,1120,0,1120,0,600,0,30,860,1450,0,0,0,0,6550,110,810,0,2850,0,80,90,120,200,100,240,620,20,250,90,20,190,30,0,60,580,450,360,80,250,1060,840,310,490,0,20,660,0,70,100,30,0,0,20,0,20,1810,520,740,290,190,780,80,30,750,270,1180,380,20,0,670,1090,170,7130,11220,330,13350,16770,13770,24580,690,0,0,18540,3770,60,1350,3490,0,14470,0,9580,2870,1090,53740,50,7670,4750,4990,1150,30,30,10,100,20,0,0,60,0,0,8440,26310,1390,30,4730,1540,3810,160,0,0,10,20,450,10,120,120,0,30,40,20,10,780,10,10,0,0,0,0,10,0,20,10,10,0,0,0,30,0,0,0,10,0,0,30,0,0,0,0,0,0,0,0,0,0,10,10,0,0,0,0,40,10,0,10,0,150,0,0,10,30,0,0,510,0,10,10,0,10,40,20,0,0,50,100,580,0,10,30,420,0,10,30,0,10,0,30,30,3920,0,50,60,90,630
Sep-22,564960,113790,0,0,2240,560,1100,0,0,90,0,10,370,10,0,0,3550,0,0,390,0,0,660,50,0,0,0,0,0,0,0,0,0,0,0,0,48720,8190,0,1040,1470,11200,11290,10,60,10,4950,1820,0,1640,0,640,0,50,980,1600,0,10,0,0,6630,170,890,0,3420,0,110,140,140,240,90,340,730,20,350,160,30,270,40,0,40,650,430,440,120,310,1220,870,390,540,0,40,530,10,100,60,40,0,0,20,0,20,1860,510,1170,230,40,770,40,20,420,440,1250,90,30,0,550,1100,170,6720,10530,290,13320,18980,14900,26000,700,0,0,17870,4000,60,1110,3580,0,10150,0,9370,2200,590,44480,60,6390,4270,5410,950,10,20,20,140,30,0,0,60,0,0,9070,29580,1430,30,4340,1650,4210,260,0,0,0,30,510,0,140,140,0,50,40,30,20,780,10,30,0,20,0,0,10,0,20,0,10,0,0,0,20,0,0,0,10,0,0,40,0,0,0,0,0,0,0,0,0,10,0,10,0,0,0,0,40,0,0,0,0,150,0,0,10,40,0,0,410,0,10,20,0,0,50,10,0,0,60,150,590,10,10,30,460,0,10,40,0,20,0,20,20,4130,0,30,50,90,500
Oct-22,648150,130320,0,0,2030,500,1330,0,0,240,10,10,620,10,0,0,3760,0,0,460,0,0,780,40,0,0,0,0,0,0,0,0,0,0,0,0,61890,8120,0,1420,1690,14270,14670,10,50,0,6130,2530,0,2450,0,890,0,90,1240,2120,0,10,0,0,6330,130,890,0,3740,0,70,60,150,210,80,210,630,20,380,110,10,180,20,0,50,580,420,470,90,270,1500,1060,320,600,0,30,600,10,80,90,30,0,0,20,0,10,2080,530,850,270,70,790,50,10,540,360,1000,90,20,0,700,1040,230,7970,11900,250,12300,16950,15600,21740,860,0,0,17280,5320,50,740,4340,0,13590,0,10260,2340,680,47410,60,7210,4800,4800,760,30,30,20,140,20,10,0,70,0,0,11850,38660,1270,30,4510,1660,4010,200,0,0,0,20,500,0,200,130,10,40,30,30,10,840,10,20,0,20,0,10,20,0,20,10,20,0,0,0,40,0,0,0,10,0,0,60,0,0,0,0,0,0,0,0,0,0,0,10,0,0,0,0,20,10,0,0,0,160,10,0,20,10,0,0,440,0,0,10,0,0,50,10,0,0,50,110,560,0,10,20,300,0,20,40,0,10,0,10,20,4380,0,40,70,100,580
Nov-22,549250,123410,0,0,2280,680,1610,0,0,210,30,20,630,10,0,0,3720,0,0,690,0,0,1350,70,0,0,0,0,0,0,0,0,0,0,0,0,67410,8230,0,1460,1640,13360,14560,10,70,0,5910,2670,0,2210,0,1090,0,90,1400,2640,0,10,0,0,7500,180,970,0,3690,0,120,120,260,290,120,490,780,20,670,170,50,320,20,0,120,850,510,740,180,300,1910,1570,400,720,0,40,910,10,90,100,30,0,0,40,0,30,2930,830,1090,300,50,1250,50,20,460,470,1350,80,30,0,890,1410,250,7890,13800,310,14010,17670,17340,31060,880,0,0,20190,5760,70,1260,4680,0,15540,0,15220,2350,1020,58620,70,12790,5430,6280,1120,50,40,30,160,30,0,10,100,0,0,15080,49060,1770,40,5360,2150,5410,230,0,0,10,20,730,0,150,210,10,60,50,60,20,990,10,30,0,0,0,10,20,0,20,10,30,10,0,10,40,0,0,0,20,0,0,70,0,0,0,0,0,0,0,0,0,10,10,20,10,10,0,10,80,20,0,0,0,200,10,0,20,0,10,0,710,0,20,20,10,10,60,20,0,0,180,150,850,10,20,20,1500,0,20,60,0,20,0,30,30,6650,0,60,60,170,810
Dec-22,519430,123600,0,0,3530,630,1160,0,0,130,20,10,540,10,0,0,5680,0,0,700,0,0,1360,30,0,0,0,0,0,0,0,0,0,0,0,0,98120,13780,0,1890,1920,17310,20320,20,100,0,7600,4150,0,3180,0,1670,0,140,2920,5240,0,10,0,0,8380,360,1380,0,3500,0,130,160,310,430,200,490,880,30,780,190,60,350,30,0,90,1030,460,870,240,350,2140,1990,620,740,0,40,750,20,90,80,30,0,0,20,0,30,2640,440,1530,390,80,860,50,20,500,270,810,70,40,0,850,1930,310,8160,11820,460,19850,19280,20400,25280,670,0,0,30320,9630,120,1200,6140,0,15780,0,19220,2820,1350,60020,130,11680,4860,7050,1050,100,30,30,230,20,0,10,110,0,0,17930,59650,2190,50,5980,2140,4350,230,0,0,10,50,700,0,160,170,0,80,50,60,30,1360,10,30,0,10,0,30,20,0,30,20,30,10,0,0,40,0,0,0,20,0,0,60,0,0,0,0,0,0,0,0,0,0,0,20,0,0,0,0,50,10,0,0,10,160,10,0,10,0,0,0,630,0,10,30,10,10,70,10,0,0,60,130,1090,0,10,30,1130,0,20,60,0,20,0,50,20,8990,10,50,60,200,1000
Jan-23,936160,139100,0,0,3040,860,660,0,0,130,10,10,470,10,0,0,4300,0,0,360,0,0,990,40,0,0,0,0,0,0,0,0,0,0,0,0,72280,11970,0,1560,1410,15050,15580,0,70,0,5740,3010,0,2570,0,1000,0,90,1600,2910,0,10,0,0,6260,180,1020,0,3580,0,70,80,230,320,100,230,560,10,480,170,40,290,20,0,60,810,470,680,150,270,1630,1220,480,490,0,20,740,20,80,100,20,0,0,10,0,20,1240,220,1090,250,210,520,70,20,1080,100,710,160,40,0,580,1700,200,5530,14300,300,14150,20520,18380,11140,600,0,0,34720,11520,160,850,10830,0,15030,0,24360,2450,2440,58720,110,6140,4320,5190,450,30,20,30,170,20,10,0,80,0,0,14760,52300,1760,30,6290,1780,5810,220,0,0,0,30,510,0,120,150,0,50,50,50,20,1240,10,60,0,10,0,10,10,0,20,10,30,10,0,0,50,0,0,0,10,0,0,40,0,0,0,0,0,0,0,0,0,0,0,20,0,0,0,0,20,10,0,0,0,150,10,0,10,0,0,0,570,0,0,30,0,0,110,20,0,0,40,110,1070,10,10,20,770,0,30,30,0,10,0,30,20,5670,0,70,90,140,840
Feb-23,578070,111460,0,0,2240,590,1300,0,0,210,30,30,360,20,0,0,3740,0,0,510,0,0,960,40,0,0,0,0,0,0,0,0,0,0,0,0,79360,9290,0,1990,1910,16370,19600,10,80,10,6730,3510,0,3400,0,1290,0,100,2530,3500,0,10,0,0,7390,220,1200,0,3920,0,80,130,270,310,140,300,740,10,750,230,40,290,10,0,110,1170,520,860,210,370,2310,1720,580,550,0,30,780,10,80,120,30,0,0,40,0,50,2500,510,1510,350,280,710,150,30,1470,250,920,230,30,0,860,2410,330,7750,22150,490,19750,26370,18030,16320,590,0,0,70100,12490,320,1440,11180,0,25410,0,29530,4720,3030,76080,150,9990,7610,7740,1080,50,30,30,210,30,0,0,90,0,0,18980,66000,2010,40,5760,2340,6040,250,0,0,10,50,760,0,330,190,10,70,30,60,20,1270,20,70,0,0,0,10,20,0,10,20,20,10,0,0,60,0,0,0,10,10,10,60,0,0,0,0,0,0,0,0,0,0,0,20,0,0,0,10,110,0,0,0,0,260,10,0,20,10,0,0,820,0,0,30,0,10,80,30,0,0,80,300,1420,0,10,20,1110,0,20,40,0,20,0,30,40,5030,0,80,130,130,880
Mar-23,575080,129190,0,0,2250,690,830,0,0,310,20,20,420,10,0,0,4050,0,0,560,0,0,980,90,0,0,0,0,0,0,0,0,0,0,0,0,81350,11210,0,1760,1790,15780,18500,10,150,10,6190,3030,0,2710,0,1140,0,100,1880,3010,0,10,0,0,7180,190,1080,0,4050,0,70,90,250,270,120,280,610,20,520,200,40,250,20,0,100,940,520,740,130,410,2010,1600,430,630,0,40,650,20,70,100,50,0,0,30,0,20,2880,690,1410,240,70,640,50,20,620,320,1000,120,30,0,830,1660,280,9990,16790,230,15200,19600,20720,22670,580,0,0,45690,11190,160,1730,10080,0,28790,0,22840,3440,1460,74870,50,12930,8320,7500,1400,40,60,20,130,20,10,0,60,0,0,17700,61290,2100,40,6350,2680,5460,270,0,0,10,30,740,10,410,170,0,60,40,50,50,1150,10,30,0,0,0,10,10,0,20,10,20,0,0,0,180,0,0,0,10,10,10,240,0,0,0,0,0,0,0,0,0,0,0,10,0,10,0,10,90,0,0,0,10,220,10,0,20,0,0,0,600,0,20,20,0,0,60,20,0,0,60,210,1020,10,10,30,1020,0,20,50,0,20,0,20,40,6270,0,70,80,130,810
Apr-23,681440,143980,0,0,2490,840,870,0,0,90,10,20,400,20,0,0,4770,0,0,390,0,0,1050,60,0,0,0,0,0,0,0,0,0,0,0,0,54100,7910,0,1100,1340,12940,12030,10,70,0,4940,2380,0,1700,0,690,0,60,1110,1900,0,10,0,10,5090,110,1100,0,2840,0,60,60,190,180,100,150,500,30,350,140,10,180,20,0,50,590,310,500,110,230,1190,1270,240,400,0,30,520,0,60,50,20,0,0,30,0,20,1900,530,890,160,60,430,40,20,400,190,830,60,20,0,660,2770,360,13950,17140,400,22750,23600,18770,17770,480,0,0,61380,13820,170,1170,9000,0,17810,0,20600,2220,1200,60580,70,7820,3880,6920,1050,30,30,10,110,30,10,0,70,0,0,13010,43160,1750,30,6570,2250,4200,280,0,0,0,30,640,0,160,140,0,50,50,30,20,1170,10,20,0,0,0,10,0,0,20,20,20,0,0,10,20,0,0,0,10,10,0,40,0,0,0,0,0,0,0,0,0,0,0,10,0,10,0,10,60,10,0,0,0,170,0,0,20,0,0,0,520,0,10,10,0,0,70,20,0,0,30,120,860,10,10,50,750,0,10,30,0,20,0,20,40,5260,10,70,80,130,710
May-23,643650,129080,0,0,2710,830,1110,0,0,370,20,20,540,10,0,0,4980,0,0,480,0,0,1360,70,0,0,0,0,0,0,0,0,0,0,0,0,36500,6070,0,790,1000,12020,8400,0,30,0,3600,1400,0,1170,0,540,0,70,670,1230,0,0,0,0,5000,100,770,0,2510,0,50,60,160,170,90,140,420,10,290,80,10,180,20,0,40,400,230,310,90,250,960,1000,190,420,0,30,630,10,70,140,40,0,0,10,0,20,1760,970,550,290,80,660,60,20,610,430,830,110,50,0,690,1840,270,10520,16140,330,16980,24340,21320,31410,730,0,0,56410,11000,190,1430,9500,0,20240,0,22830,3110,1760,65480,100,10760,6890,6630,1270,30,30,20,110,20,10,10,70,0,0,10200,39180,1750,50,5130,2290,4420,290,0,0,0,30,690,0,190,170,0,50,50,30,20,810,0,20,0,0,0,30,20,0,40,10,40,0,0,0,20,0,0,0,10,10,0,40,0,0,0,0,0,0,0,0,0,10,0,10,0,0,0,10,70,10,0,0,0,220,0,0,10,0,0,0,660,0,0,20,10,10,50,10,0,0,50,170,1020,10,10,20,720,0,20,20,0,20,0,20,40,4260,0,50,250,130,630
Jun-23,679980,133660,0,0,2830,810,1150,0,0,240,10,10,470,10,0,0,3980,0,0,790,0,0,1130,80,0,0,0,0,0,0,0,0,0,0,0,0,36830,7790,0,870,990,11390,8490,0,30,0,3670,1300,0,1140,0,650,0,60,1110,1550,0,10,0,0,5400,100,810,0,2590,0,50,60,130,160,80,160,430,10,360,130,10,170,10,0,60,470,270,380,80,240,1130,1120,240,390,0,30,570,20,90,140,20,0,0,20,0,40,1920,700,720,260,170,650,70,100,900,310,990,300,50,0,640,1970,290,8420,20550,360,27050,19330,23160,35680,700,0,0,62710,10710,220,2050,12680,0,17340,0,22130,2600,1770,61470,130,9410,5560,6450,1690,30,30,20,170,30,0,10,80,0,0,8390,44740,1620,30,5050,2430,4260,290,0,0,10,30,660,0,180,170,0,60,50,60,20,950,10,20,0,0,0,0,10,0,10,20,30,10,0,0,30,0,0,0,10,10,0,40,0,0,0,0,0,0,0,0,0,0,0,20,0,10,0,0,80,0,0,0,0,200,0,0,10,0,10,0,620,0,10,10,0,10,50,20,0,0,60,150,970,10,0,30,700,0,10,50,0,20,0,20,40,4900,0,70,70,110,580
Jul-23,938730,146940,0,0,3180,840,1190,0,0,260,20,10,610,30,0,0,4700,0,0,520,0,0,1000,80,0,0,0,0,0,0,0,0,0,0,0,0,47120,9480,0,1430,1700,13590,13380,10,70,0,7020,2770,0,2050,0,690,0,80,2050,1900,0,10,0,0,6400,110,1070,0,3640,0,40,50,100,210,130,140,470,10,370,170,10,180,10,0,50,640,320,360,90,250,1150,1190,280,370,0,30,680,10,210,120,30,0,0,20,0,40,1610,410,760,330,390,570,180,300,1770,170,1030,1530,50,0,810,1930,420,9050,22220,610,24160,22140,21910,18770,560,0,0,122390,18170,540,1300,15800,0,32100,0,27130,4820,2170,54520,190,8250,6360,7310,1020,30,30,20,230,30,10,0,60,0,0,11380,53230,1460,30,4390,2160,3630,290,0,0,0,40,600,10,150,140,0,60,30,60,30,1340,10,70,0,10,0,10,10,0,20,20,20,0,0,70,90,0,0,0,10,0,10,40,0,0,0,0,0,0,0,0,0,0,0,40,0,10,10,0,110,10,0,0,0,180,10,0,20,10,0,0,730,0,10,10,10,0,90,30,0,0,30,160,1140,10,10,50,630,0,30,30,0,30,0,20,20,4670,10,110,150,170,770
Aug-23,774960,139560,0,0,2810,830,1150,0,0,130,20,20,460,20,0,0,4650,0,0,560,0,0,960,50,0,0,0,0,0,0,0,0,0,0,0,0,49670,9400,0,1160,1190,14150,12380,10,100,0,4560,1680,0,1300,0,690,0,40,1000,1800,0,10,0,0,8200,170,1230,10,4380,0,100,110,160,250,100,290,530,20,390,190,20,210,30,0,60,670,590,410,130,350,1470,1340,320,400,0,30,710,10,120,70,30,0,0,40,0,20,1950,620,810,330,290,830,80,120,740,290,1250,540,40,0,680,1790,310,9200,20520,560,17400,29380,22110,24930,640,0,0,83440,17500,500,1870,15430,0,45000,0,33600,2910,1260,50400,90,7760,5540,6820,1720,40,40,30,160,20,10,10,100,0,0,10630,49010,1870,40,5390,2180,4350,330,0,0,10,50,700,10,160,220,10,70,40,40,30,1190,10,30,0,10,0,10,20,0,20,20,20,10,0,10,40,0,0,0,20,10,10,50,0,0,0,0,0,0,0,0,0,10,0,20,0,10,10,30,380,10,0,10,10,200,10,0,10,10,0,0,670,0,20,20,10,10,70,40,0,10,30,190,1220,10,20,40,880,0,20,40,0,20,0,30,30,4780,10,50,100,160,760
Sep-23,843780,164430,0,0,3350,750,1260,0,0,300,10,10,790,10,0,0,5050,0,0,730,0,0,1320,110,0,0,0,0,0,0,0,0,0,0,0,0,55030,10540,0,1300,1810,15050,13850,10,90,10,5580,2450,0,1760,0,910,0,50,1140,1940,0,10,0,0,8120,200,1160,0,4380,0,110,140,160,280,110,340,690,20,380,280,20,340,40,0,70,740,650,480,180,340,1530,1190,370,480,0,40,610,10,90,70,30,0,0,30,0,20,1930,620,990,260,90,870,100,50,630,310,1370,190,30,0,520,1590,200,7410,17650,380,18240,24250,19150,26670,730,0,0,86590,12550,250,1720,11840,0,27840,0,31520,2620,920,49140,90,7350,4180,6570,1390,20,40,30,180,40,10,10,120,0,0,11070,36920,2130,40,5570,3050,4210,390,0,0,10,30,690,10,190,200,10,80,40,40,20,1060,10,20,0,10,0,20,10,0,20,10,20,10,0,0,40,0,0,0,10,0,0,50,0,0,0,0,0,0,0,0,0,0,10,30,0,10,0,10,310,10,0,0,0,270,10,0,10,10,0,0,680,0,20,10,0,10,130,30,0,10,30,250,1200,0,10,20,750,0,20,50,0,30,0,40,30,5320,10,80,90,160,690
Oct-23,940730,167620,0,0,2880,910,1320,0,0,210,20,10,580,10,0,0,5190,0,0,610,0,0,1140,80,0,0,0,0,0,0,0,0,0,0,0,0,68310,10330,0,1800,2350,18390,17940,10,70,0,7710,3290,0,2960,0,1170,0,70,1530,2670,0,10,0,0,8130,210,1260,10,4810,0,70,90,200,300,140,290,640,10,530,210,30,230,20,0,80,940,610,630,160,520,1810,1460,420,460,0,20,630,10,110,70,60,0,0,10,0,20,1890,480,900,280,80,1000,40,30,550,230,1220,110,30,0,750,1830,320,9430,19600,270,18440,22960,19520,20200,770,0,0,79010,13510,250,1330,13310,0,29710,0,31030,2730,1120,47400,120,10270,3770,6240,1560,30,40,20,160,30,20,10,80,0,0,15390,52740,2190,30,5480,2980,4020,360,0,0,0,20,740,10,210,190,0,60,50,30,20,1260,10,40,0,10,0,20,20,0,30,20,20,0,0,10,40,0,0,0,10,10,0,50,0,0,0,0,0,0,0,0,0,0,0,10,0,10,0,0,170,0,0,0,10,190,10,0,10,0,0,0,460,0,10,10,10,0,70,20,0,0,40,170,960,10,10,30,680,0,10,30,0,10,0,20,40,4950,10,60,70,170,710
Nov-23,726390,155570,0,0,2780,830,1530,0,0,290,20,20,540,30,0,0,5040,0,0,690,0,0,1730,130,0,0,0,0,0,0,0,0,0,0,0,0,72280,10450,0,1700,2010,17800,17110,10,130,0,6920,3550,0,2750,0,1330,0,90,1640,3020,0,0,0,0,8350,210,1320,0,4640,0,90,120,290,340,150,330,770,20,730,210,20,380,20,0,90,990,620,730,150,440,2740,1690,470,620,0,40,850,10,110,70,40,0,0,30,0,30,2740,890,670,260,90,1020,90,20,500,350,1330,140,40,0,820,1580,250,7820,16390,380,17890,22690,18470,31460,910,0,0,73850,13320,260,1440,11300,0,34440,0,35890,2820,1360,60830,60,13950,4890,7380,2070,90,60,30,210,30,10,0,110,0,0,17540,59880,1840,40,6000,2470,4950,450,0,0,10,30,790,0,150,250,0,60,50,50,20,1290,20,30,0,10,0,10,10,0,20,10,20,10,0,10,50,0,0,0,20,10,10,30,0,0,0,0,0,0,0,0,0,0,10,30,0,10,0,10,170,10,0,10,0,220,10,0,10,0,0,0,660,0,10,0,10,10,90,30,0,0,40,180,1210,0,20,30,1210,0,20,20,0,20,0,20,50,5880,10,80,60,150,770
Dec-23,692010,160090,0,0,5320,970,1070,0,0,300,20,10,680,20,0,0,9220,0,0,880,0,0,1960,100,0,0,0,0,0,0,0,0,0,0,0,0,101930,16710,0,2340,2290,22160,24610,20,140,10,8620,5490,0,3740,0,1940,0,100,3140,5690,0,0,0,0,10560,420,1900,0,4780,0,130,190,420,790,330,530,1180,30,1030,330,50,540,40,0,160,1310,580,1280,280,470,2880,2780,820,680,0,30,860,0,100,60,50,0,0,20,0,40,3130,640,970,410,120,1050,30,30,620,240,1340,110,40,0,810,2240,410,8250,17890,580,27180,24770,22090,29720,620,0,0,94310,20690,490,1860,11210,0,35690,0,40780,4340,1710,73480,110,15230,5070,8350,1710,80,70,30,330,40,10,10,110,0,0,21590,79810,2240,50,7470,2880,4630,310,0,0,10,60,770,10,210,200,10,100,50,90,30,2240,10,40,0,10,0,10,30,0,10,20,20,20,0,10,50,0,0,0,30,10,10,50,0,0,0,0,0,0,0,0,0,0,0,20,0,10,10,10,120,10,0,0,0,180,0,0,20,0,0,0,780,0,10,30,0,0,110,20,0,0,40,180,1290,10,10,40,1290,0,40,60,0,10,0,100,20,9490,10,70,70,200,1140
Jan-24,1173890,175330,0,0,3920,1320,950,0,0,240,10,10,470,20,0,0,6120,0,0,700,0,0,1580,70,0,0,0,0,0,0,0,0,0,0,0,0,81990,15950,0,1930,1920,21110,18940,10,100,10,7060,3770,0,3260,0,1380,0,90,1930,3680,0,10,0,0,9200,240,1510,0,4990,0,80,110,270,520,170,220,620,20,750,260,30,340,20,0,90,1140,660,910,200,420,2900,1870,630,570,0,40,800,0,120,100,40,0,0,20,0,20,2600,510,940,320,240,770,140,20,1670,300,1280,260,40,0,1100,2110,400,7340,15410,260,19940,21010,23740,13850,900,0,0,131580,15290,370,1680,13630,0,26350,0,40330,3270,1940,69220,150,7790,5370,7690,1510,30,40,20,280,20,10,10,120,0,0,18920,67570,2640,50,7940,2800,5660,410,0,0,10,50,850,0,180,180,0,90,50,60,30,1970,20,60,0,10,0,10,20,0,20,10,30,20,0,10,60,0,0,0,20,0,10,50,0,0,0,0,0,0,0,0,0,0,0,10,0,20,0,10,190,10,0,0,10,270,0,0,20,10,0,0,760,0,0,30,0,0,120,30,0,0,50,160,1550,10,20,30,910,0,40,60,0,30,0,20,40,6700,10,90,150,190,1240
Feb-24,668050,144840,0,0,2810,880,1130,0,0,270,10,10,360,20,0,0,5090,0,0,820,0,0,1270,50,0,0,0,0,0,0,0,0,0,0,0,0,88570,10400,0,1960,2050,18570,21400,10,120,0,7170,3930,0,3510,0,1470,0,80,2590,3620,0,0,0,0,8180,220,1450,0,4100,0,70,100,370,470,160,220,820,20,570,310,30,320,20,0,90,1400,600,890,180,370,2860,1610,550,550,0,60,810,10,90,90,40,0,0,30,0,40,2590,700,990,290,350,760,140,20,2250,460,1160,250,50,0,940,3310,430,8580,32570,570,24740,35150,22890,22260,600,0,0,204110,24350,680,1450,22400,0,44510,0,47570,6600,2290,84630,170,11020,8060,9990,1870,40,40,30,210,30,20,10,140,0,0,22830,82860,2290,40,6140,2910,4200,330,0,0,0,50,820,0,230,160,10,70,30,60,20,1430,10,60,0,10,0,10,10,0,10,30,40,10,0,0,50,0,0,0,20,10,0,40,0,0,0,0,0,0,0,0,0,0,0,20,0,30,0,10,230,0,0,0,10,230,10,0,20,10,0,0,740,0,0,30,0,0,100,30,0,0,70,290,1350,10,20,40,1040,0,30,40,0,20,0,50,90,5040,0,90,130,170,850
Mar-24,676790,155930,0,0,2930,750,990,0,0,200,20,20,580,20,0,0,5340,0,0,720,0,0,1330,50,0,0,0,0,0,0,0,0,0,0,0,0,89430,13300,0,1950,2030,18330,22560,10,130,10,6700,3700,0,2970,0,1160,0,80,2170,2890,0,10,0,0,8030,190,1490,0,4930,0,40,70,260,370,120,150,610,20,590,200,30,210,20,0,110,1200,490,810,230,480,2530,1580,570,560,0,30,520,0,60,70,30,0,0,40,0,10,2790,480,1050,180,90,600,70,20,650,340,980,90,20,0,550,1840,400,9580,21010,460,18770,22650,20940,23370,690,0,0,87840,20090,250,1220,15340,0,47480,0,34810,3240,810,76500,70,10310,5650,7880,1750,40,40,20,220,20,10,10,90,0,0,20380,83730,2390,40,6200,2890,3810,410,0,0,10,40,690,0,350,160,10,70,40,60,20,1630,20,50,0,0,0,20,10,0,20,20,30,10,0,0,50,0,0,0,20,10,10,40,0,0,0,0,0,0,0,0,0,0,0,10,0,20,0,10,230,0,0,0,10,190,10,0,20,0,0,0,500,0,10,10,10,10,60,30,0,0,50,210,790,0,10,20,880,0,10,50,0,30,0,20,30,6240,10,60,90,120,690
Apr-24,833550,161860,0,0,3020,760,980,0,0,120,10,20,390,20,0,0,5480,0,0,600,0,0,1290,50,0,0,0,0,0,0,0,0,0,0,0,0,54880,8750,0,1190,1410,15020,12510,10,70,0,4940,2460,0,1760,0,750,0,50,1070,1740,0,10,0,10,6150,120,1060,0,3290,0,50,50,150,260,110,140,470,20,410,150,20,160,20,0,30,650,330,420,130,370,1500,1210,280,400,0,40,550,10,90,90,30,0,0,20,0,20,2020,570,1070,240,110,660,90,30,650,340,1040,180,40,0,690,2490,360,16010,17820,480,29160,28140,18470,22720,550,0,0,98800,12960,240,900,12390,0,25850,0,29130,2970,750,62970,120,7630,4830,7430,1190,40,30,30,150,70,10,10,100,0,0,14150,48290,2200,30,5430,2670,3110,270,0,0,0,30,710,0,200,140,0,60,30,40,30,1220,10,30,0,0,0,10,30,0,10,20,10,10,0,0,40,0,0,0,20,20,10,20,0,0,0,0,0,0,0,0,0,0,0,20,0,30,0,20,170,10,0,0,10,170,0,0,20,0,0,0,490,0,0,10,0,10,50,10,0,0,50,160,790,10,10,30,710,0,10,40,0,10,0,20,30,5670,0,50,80,130,760
May-24,738240,148020,0,0,3280,960,1000,0,0,270,10,10,480,10,0,0,5490,0,0,660,0,0,1430,130,0,0,0,0,0,0,0,0,0,0,0,0,41010,7280,0,880,1150,12080,9160,10,40,0,3790,1400,0,1140,0,600,0,50,770,1160,0,0,0,0,5700,120,920,0,2970,0,30,40,130,170,80,90,400,10,350,100,20,150,20,0,60,460,230,330,110,230,1100,970,220,420,0,40,580,0,80,80,40,0,0,30,0,20,1720,610,710,250,70,690,60,30,640,550,830,140,50,0,620,1540,300,9390,15600,320,19630,30680,20790,39640,790,0,0,84080,13900,260,790,13230,0,24600,0,31360,2640,710,66620,130,9550,5610,6850,1840,20,40,20,100,20,10,0,90,0,0,9600,40760,1800,40,4770,2640,2850,250,0,0,10,30,660,0,170,150,0,50,30,30,10,930,10,30,0,0,0,10,10,0,10,10,20,10,0,0,30,0,0,0,10,10,0,30,0,0,0,0,0,0,0,0,0,0,0,10,0,0,0,20,310,0,0,0,0,200,10,0,10,10,0,0,520,0,10,30,0,10,70,30,0,0,60,200,700,0,10,30,580,0,10,30,0,30,0,20,60,4550,0,50,80,140,650
Jun-24,762790,142810,0,0,3270,930,1020,0,0,310,20,20,600,20,0,0,4420,0,0,680,0,0,1360,190,0,0,0,0,0,0,0,0,0,0,0,0,40570,8570,0,840,1220,10070,8880,0,40,0,3740,1460,0,1130,0,690,0,80,1160,1570,0,10,0,0,5640,120,860,0,2880,0,50,60,140,150,100,130,360,20,300,120,10,210,20,0,40,560,250,370,110,260,1040,1040,250,470,0,40,690,10,100,100,40,0,0,20,0,50,1830,540,630,240,220,650,100,70,1230,340,900,310,30,0,670,2090,300,7560,21580,380,31480,23490,26940,45150,570,0,0,84550,14840,300,1080,17450,0,24200,0,29990,3750,690,61370,100,7580,4920,7140,1500,20,40,30,140,30,10,10,110,0,0,9300,51080,1360,40,4700,2270,2720,250,0,0,10,40,640,10,160,170,0,50,20,30,30,1090,10,50,0,10,0,20,10,0,20,20,20,0,0,0,30,0,0,0,10,10,0,50,0,0,0,0,0,0,0,0,0,10,10,20,0,10,0,20,160,10,0,10,0,250,10,0,10,0,0,0,630,0,10,20,0,10,80,30,0,0,50,200,690,0,30,30,590,0,10,50,0,30,0,20,30,5020,10,60,160,110,680
Jul-24,1027680,164880,0,0,3860,840,850,0,0,170,20,20,640,10,0,0,4790,0,0,560,0,0,1180,130,0,0,0,0,0,0,0,0,0,0,0,0,50940,9760,0,1570,1800,13270,14080,10,100,0,7370,2800,0,1910,0,670,0,90,2190,1970,0,0,0,0,7340,160,1320,0,4280,0,60,60,160,250,120,120,430,10,380,160,20,170,20,0,50,760,410,420,110,310,1300,1380,310,430,0,30,690,10,90,90,20,0,0,20,80,60,1870,430,910,370,500,630,140,190,1580,240,1100,1800,50,0,670,2690,400,10300,24880,650,28250,26770,22910,24600,630,0,0,152980,23000,750,1600,22200,0,36690,0,36540,5980,1010,55490,150,8020,5480,7380,1530,40,30,80,240,20,10,0,120,0,0,11210,44640,1500,40,4290,2430,2590,240,0,0,0,40,610,0,200,110,10,100,40,50,40,1520,10,40,0,0,0,20,10,0,10,10,20,10,0,0,30,0,0,0,20,10,0,40,0,0,0,0,0,0,0,0,0,0,0,10,0,30,0,10,150,10,0,0,0,180,10,0,10,0,0,0,430,0,10,20,0,10,90,20,0,0,60,160,890,10,10,40,920,0,40,30,0,30,0,30,30,4790,0,70,100,140,810
